{
  "model": "XGBoost",
  "precision": 0.35714285714285715,
  "recall": 0.7142857142857143,
  "f1_score": 0.47619047619047616,
  "roc_auc": 0.8578017472790278,
  "confusion_matrix": {
    "true_negatives": 5845,
    "false_positives": 9,
    "false_negatives": 2,
    "true_positives": 5
  }
}
